A Classic Education - NightOwl,2.91
ANiMAL - Clinic A,0.22
ANiMAL - Easy Tiger,0.17
ANiMAL - Rockshow,0.25
Actions - Devil's Words,1.05
Actions - One Minute Smile,0.41
Actions - South Of The Water,0.22
Aimee Norwich - Child,2.35
Alexander Ross - Goodbye Bolero,1.47
Alexander Ross - Velvet Curtain,0.54
Angela Thomas Wade - Milk Cow Blues,1.36
Atlantis Bound - It Was My Fault For Waiting,2.59
Auctioneer - Our Future Faces,1.64
AvaLuna - Waterduct,0.54
BigTroubles - Phantom,3.88
Bill Chudziak - Children Of No-one,2.06
Black Bloc - If You Want Success,0.28
Celestial Shore - Die For Us,2.88
Chris Durban - Celebrate,2.35
Clara Berry And Wooldog - Air Traffic,3.19
Clara Berry And Wooldog - Stella,1.73
Clara Berry And Wooldog - Waltz For My Victims,2.04
Cnoc An Tursa - Bannockburn,0.3
Creepoid - OldTree,1.66
Dark Ride - Burning Bridges,0.56
Dreamers Of The Ghetto - Heavy Love,3.78
Drumtracks - Ghost Bitch,3.79
Faces On Film - Waiting For Ga,0.45
Fergessen - Back From The Start,0.33
Fergessen - Nos Palpitants,0.29
Fergessen - The Wind,0.54
Flags - 54,0.3
Giselle - Moss,3.84
Grants - PunchDrunk,2.69
Helado Negro - Mitad Del Mundo,2.29
Hezekiah Jones - Borrowed Heart,3.71
Hollow Ground - Left Blind,0.31
Hop Along - Sister Cities,0.63
Invisible Familiars - Disturbing Wildlife,0.46
James May - All Souls Moon,0.87
James May - Dont Let Go,2.2
James May - If You Say,2.21
James May - On The Line,1.96
Jay Menon - Through My Eyes,4.11
Johnny Lokke - Promises & Lies,2.36
Johnny Lokke - Whisper To A Scream,2.19
"Jokers, Jacks & Kings - Sea Of Leaves",0.29
Leaf - Come Around,2.09
Leaf - Summerghost,0.25
Leaf - Wicked,1.02
Lushlife - Toynbee Suite,0.32
Matthew Entwistle - Dont You Ever,3.34
Meaxic - Take A Step,0.96
Meaxic - You Listen,1.79
Music Delta - 80s Rock,0.95
Music Delta - Beatles,0.7
Music Delta - Britpop,1.39
Music Delta - Country1,1.02
Music Delta - Country2,1.63
Music Delta - Disco,1.4
Music Delta - Gospel,1.57
Music Delta - Grunge,0.98
Music Delta - Hendrix,3.28
Music Delta - Punk,1.07
Music Delta - Reggae,1.58
Music Delta - Rock,0.64
Music Delta - Rockabilly,1.09
Night Panther - Fire,1.84
North To Alaska - All The Same,0.31
Patrick Talbot - A Reason To Leave,0.69
Patrick Talbot - Set Me Free,1.39
Phre The Eon - Everybody's Falling Apart,2.18
Port St Willow - Stay Even,0.27
Remember December - C U Next Time,2.44
Secret Mountains - High Horse,4.05
Skelpolu - Human Mistakes,3.85
Skelpolu - Together Alone,3.45
Snowmine - Curfews,4.04
Spike Mullings - Mike's Sulking,2.24
St Vitus - Word Gets Around,1.77
Steven Clark - Bounty,0.37
Strand Of Oaks - Spacestation,2.21
Sweet Lights - You Let Me Down,0.28
Swinging Steaks - Lost My Way,1.91
The Districts - Vermont,3.75
The Long Wait - Back Home To Blue,2.16
The Scarlet Brand - Les Fleurs Du Mal,2.23
The So So Glos - Emergency,1.36
The Wrong'Uns - Rothko,2.79
Tim Taler - Stalker,0.74
Titanium - Haunted Age,1.67
Traffic Experiment - Once More (With Feeling),3.41
Traffic Experiment - Sirens,1.91
Triviul - Angelsaint,2.2
Triviul - Dorothy,2.49
Voelund - Comfort Lives In Belief,1.64
Wall Of Death - Femme,3.03
Young Griffo - Blood To Bone,0.91
Young Griffo - Facade,2.81
Young Griffo - Pennies,1.46